{"input_data": [[0.19416400790214539, 93.03009796142578, 0.8847780227661133, 0.25962385535240173, 0.15076811611652374, 0.13232636451721191, 5.095884799957275, 0.25234755873680115], [0.19416400790214539, 93.03009796142578, 0.8847780227661133, 0.25962385535240173, 0.15076811611652374, 0.13232636451721191, 5.095884799957275, 0.25234755873680115], [0.19416400790214539, 93.03009796142578, 0.8847780227661133, 0.25962385535240173, 0.15076811611652374, 0.13232636451721191, 5.095884799957275, 0.25234755873680115], [0.19416400790214539, 93.03009796142578, 0.8847780227661133, 0.25962385535240173, 0.15076811611652374, 0.13232636451721191, 5.095884799957275, 0.25234755873680115], [0.19416400790214539, 93.03009796142578, 0.8847780227661133, 0.25962385535240173, 0.15076811611652374, 0.13232636451721191, 5.095884799957275, 0.25234755873680115], [0.19416400790214539, 93.03009796142578, 0.8847780227661133, 0.25962385535240173, 0.15076811611652374, 0.13232636451721191, 5.095884799957275, 0.25234755873680115], [0.19416400790214539, 93.03009796142578, 0.8847780227661133, 0.25962385535240173, 0.15076811611652374, 0.13232636451721191, 5.095884799957275, 0.25234755873680115], [0.19416400790214539, 93.03009796142578, 0.8847780227661133, 0.25962385535240173, 0.15076811611652374, 0.13232636451721191, 5.095884799957275, 0.25234755873680115], [0.19416400790214539, 93.03009796142578, 0.8847780227661133, 0.25962385535240173, 0.15076811611652374, 0.13232636451721191, 5.095884799957275, 0.25234755873680115]], "output_data": [0, 0, 0, 0, 0, 0, 0, 0, 0]}